--------------------------------------------------------
--  Arquivo criado - quinta-feira-outubro-02-2025   
--------------------------------------------------------
--------------------------------------------------------
--  DDL for Table FUNCIONARIO
--------------------------------------------------------

  CREATE TABLE "RM566269"."FUNCIONARIO" 
   (	"ID_FUNCIONARIO" NUMBER(*,0) GENERATED ALWAYS AS IDENTITY MINVALUE 1 MAXVALUE 9999999999999999999999999999 INCREMENT BY 1 START WITH 1 CACHE 20 NOORDER  NOCYCLE  NOKEEP  NOSCALE , 
	"NOME" VARCHAR2(100 BYTE), 
	"DATA_NASCIMENTO" DATE, 
	"IDADE" NUMBER(*,0), 
	"SALARIO" NUMBER(10,2), 
	"CARGO" VARCHAR2(50 BYTE)
   ) SEGMENT CREATION IMMEDIATE 
  PCTFREE 10 PCTUSED 40 INITRANS 1 MAXTRANS 255 
 NOCOMPRESS LOGGING
  STORAGE(INITIAL 65536 NEXT 1048576 MINEXTENTS 1 MAXEXTENTS 2147483645
  PCTINCREASE 0 FREELISTS 1 FREELIST GROUPS 1
  BUFFER_POOL DEFAULT FLASH_CACHE DEFAULT CELL_FLASH_CACHE DEFAULT)
  TABLESPACE "TBSPC_ALUNOS" ;
--------------------------------------------------------
--  DDL for Table LEITURA_SENSORES
--------------------------------------------------------

  CREATE TABLE "RM566269"."LEITURA_SENSORES" 
   (	"ID_LEITURA_SENSORES" NUMBER(*,0) GENERATED ALWAYS AS IDENTITY MINVALUE 1 MAXVALUE 9999999999999999999999999999 INCREMENT BY 1 START WITH 1 CACHE 20 NOORDER  NOCYCLE  NOKEEP  NOSCALE , 
	"ID_MAQUINA" NUMBER(*,0), 
	"TEMPERATURA" NUMBER(10,2), 
	"UMIDADE" NUMBER(5,2), 
	"DIAS_ULTIMA_MANUTENCAO" NUMBER(5,0), 
	"FALHA" NUMBER(*,0), 
	"LUMINOSIDADE" NUMBER(5,1), 
	"VIBRACAO" NUMBER(4,1), 
	"QUALIDADE_AR" NUMBER(6,2)
   ) SEGMENT CREATION IMMEDIATE 
  PCTFREE 10 PCTUSED 40 INITRANS 1 MAXTRANS 255 
 NOCOMPRESS LOGGING
  STORAGE(INITIAL 65536 NEXT 1048576 MINEXTENTS 1 MAXEXTENTS 2147483645
  PCTINCREASE 0 FREELISTS 1 FREELIST GROUPS 1
  BUFFER_POOL DEFAULT FLASH_CACHE DEFAULT CELL_FLASH_CACHE DEFAULT)
  TABLESPACE "TBSPC_ALUNOS" ;
--------------------------------------------------------
--  DDL for Table MANUTENCAO
--------------------------------------------------------

  CREATE TABLE "RM566269"."MANUTENCAO" 
   (	"ID_MANUTENCAO" NUMBER(*,0) GENERATED ALWAYS AS IDENTITY MINVALUE 1 MAXVALUE 9999999999999999999999999999 INCREMENT BY 1 START WITH 1 CACHE 20 NOORDER  NOCYCLE  NOKEEP  NOSCALE , 
	"DATA_MANUTENCAO" DATE DEFAULT SYSDATE, 
	"ID_MAQUINA" NUMBER(*,0), 
	"ID_FUNCIONARIO" NUMBER(*,0)
   ) SEGMENT CREATION IMMEDIATE 
  PCTFREE 10 PCTUSED 40 INITRANS 1 MAXTRANS 255 
 NOCOMPRESS LOGGING
  STORAGE(INITIAL 65536 NEXT 1048576 MINEXTENTS 1 MAXEXTENTS 2147483645
  PCTINCREASE 0 FREELISTS 1 FREELIST GROUPS 1
  BUFFER_POOL DEFAULT FLASH_CACHE DEFAULT CELL_FLASH_CACHE DEFAULT)
  TABLESPACE "TBSPC_ALUNOS" ;
--------------------------------------------------------
--  DDL for Table MAQUINA_AUTONOMA
--------------------------------------------------------

  CREATE TABLE "RM566269"."MAQUINA_AUTONOMA" 
   (	"ID_MAQUINA" NUMBER(*,0) GENERATED ALWAYS AS IDENTITY MINVALUE 1 MAXVALUE 9999999999999999999999999999 INCREMENT BY 1 START WITH 1 CACHE 20 NOORDER  NOCYCLE  NOKEEP  NOSCALE , 
	"MODELO" VARCHAR2(50 BYTE), 
	"TIPO" VARCHAR2(50 BYTE), 
	"DATA_INSTALACAO" DATE DEFAULT SYSDATE, 
	"ULTIMA_MANUTENCAO" DATE
   ) SEGMENT CREATION IMMEDIATE 
  PCTFREE 10 PCTUSED 40 INITRANS 1 MAXTRANS 255 
 NOCOMPRESS LOGGING
  STORAGE(INITIAL 65536 NEXT 1048576 MINEXTENTS 1 MAXEXTENTS 2147483645
  PCTINCREASE 0 FREELISTS 1 FREELIST GROUPS 1
  BUFFER_POOL DEFAULT FLASH_CACHE DEFAULT CELL_FLASH_CACHE DEFAULT)
  TABLESPACE "TBSPC_ALUNOS" ;
REM INSERTING into RM566269.FUNCIONARIO
SET DEFINE OFF;
Insert into RM566269.FUNCIONARIO (ID_FUNCIONARIO,NOME,DATA_NASCIMENTO,IDADE,SALARIO,CARGO) values ('11','Marcio Pereira da Silva Candido',to_date('12/05/90','DD/MM/RR'),'35','2500','Manutencao');
Insert into RM566269.FUNCIONARIO (ID_FUNCIONARIO,NOME,DATA_NASCIMENTO,IDADE,SALARIO,CARGO) values ('12','Ana Maria dos Santos',to_date('25/09/85','DD/MM/RR'),'39','3000','Supervisor');
Insert into RM566269.FUNCIONARIO (ID_FUNCIONARIO,NOME,DATA_NASCIMENTO,IDADE,SALARIO,CARGO) values ('13','Carlos Eduardo Ferreira Lima',to_date('18/03/95','DD/MM/RR'),'30','2200','Engenheiro');
Insert into RM566269.FUNCIONARIO (ID_FUNCIONARIO,NOME,DATA_NASCIMENTO,IDADE,SALARIO,CARGO) values ('14','Julia Souza Almeida',to_date('15/07/88','DD/MM/RR'),'37','2800','Tecnico');
Insert into RM566269.FUNCIONARIO (ID_FUNCIONARIO,NOME,DATA_NASCIMENTO,IDADE,SALARIO,CARGO) values ('15','Paulo Roberto Mendes',to_date('30/10/92','DD/MM/RR'),'32','2600','Manutencao');
REM INSERTING into RM566269.LEITURA_SENSORES
SET DEFINE OFF;
Insert into RM566269.LEITURA_SENSORES (ID_LEITURA_SENSORES,ID_MAQUINA,TEMPERATURA,UMIDADE,DIAS_ULTIMA_MANUTENCAO,FALHA,LUMINOSIDADE,VIBRACAO,QUALIDADE_AR) values ('7','12','25,5','45,2','176','0','300,5','32','75');
Insert into RM566269.LEITURA_SENSORES (ID_LEITURA_SENSORES,ID_MAQUINA,TEMPERATURA,UMIDADE,DIAS_ULTIMA_MANUTENCAO,FALHA,LUMINOSIDADE,VIBRACAO,QUALIDADE_AR) values ('8','12','15,2','35,5','12','0','400','12,5','22');
Insert into RM566269.LEITURA_SENSORES (ID_LEITURA_SENSORES,ID_MAQUINA,TEMPERATURA,UMIDADE,DIAS_ULTIMA_MANUTENCAO,FALHA,LUMINOSIDADE,VIBRACAO,QUALIDADE_AR) values ('9','12','28,3','40,7','53','1','450,2','18','340');
Insert into RM566269.LEITURA_SENSORES (ID_LEITURA_SENSORES,ID_MAQUINA,TEMPERATURA,UMIDADE,DIAS_ULTIMA_MANUTENCAO,FALHA,LUMINOSIDADE,VIBRACAO,QUALIDADE_AR) values ('10','12','42,1','55,9','123','0','300,8','15,3','50');
Insert into RM566269.LEITURA_SENSORES (ID_LEITURA_SENSORES,ID_MAQUINA,TEMPERATURA,UMIDADE,DIAS_ULTIMA_MANUTENCAO,FALHA,LUMINOSIDADE,VIBRACAO,QUALIDADE_AR) values ('11','12','60,5','65,3','220','1','600','25,7','467');
Insert into RM566269.LEITURA_SENSORES (ID_LEITURA_SENSORES,ID_MAQUINA,TEMPERATURA,UMIDADE,DIAS_ULTIMA_MANUTENCAO,FALHA,LUMINOSIDADE,VIBRACAO,QUALIDADE_AR) values ('12','12','18,9','30,1','19','0','350,5','10','126');
Insert into RM566269.LEITURA_SENSORES (ID_LEITURA_SENSORES,ID_MAQUINA,TEMPERATURA,UMIDADE,DIAS_ULTIMA_MANUTENCAO,FALHA,LUMINOSIDADE,VIBRACAO,QUALIDADE_AR) values ('13','12','35,8','45,2','33','1','500,3','20,1','29');
Insert into RM566269.LEITURA_SENSORES (ID_LEITURA_SENSORES,ID_MAQUINA,TEMPERATURA,UMIDADE,DIAS_ULTIMA_MANUTENCAO,FALHA,LUMINOSIDADE,VIBRACAO,QUALIDADE_AR) values ('14','12','72,4','70','29','0','700,9','28,4','164');
Insert into RM566269.LEITURA_SENSORES (ID_LEITURA_SENSORES,ID_MAQUINA,TEMPERATURA,UMIDADE,DIAS_ULTIMA_MANUTENCAO,FALHA,LUMINOSIDADE,VIBRACAO,QUALIDADE_AR) values ('15','12','25,6','38,8','17','1','420','14,2','205');
Insert into RM566269.LEITURA_SENSORES (ID_LEITURA_SENSORES,ID_MAQUINA,TEMPERATURA,UMIDADE,DIAS_ULTIMA_MANUTENCAO,FALHA,LUMINOSIDADE,VIBRACAO,QUALIDADE_AR) values ('16','12','50','60,5','22','0','550,7','22,6','467');
Insert into RM566269.LEITURA_SENSORES (ID_LEITURA_SENSORES,ID_MAQUINA,TEMPERATURA,UMIDADE,DIAS_ULTIMA_MANUTENCAO,FALHA,LUMINOSIDADE,VIBRACAO,QUALIDADE_AR) values ('17','12','68,9','55,1','40','1','650,1','19,8','37');
Insert into RM566269.LEITURA_SENSORES (ID_LEITURA_SENSORES,ID_MAQUINA,TEMPERATURA,UMIDADE,DIAS_ULTIMA_MANUTENCAO,FALHA,LUMINOSIDADE,VIBRACAO,QUALIDADE_AR) values ('18','12','33,7','48,3','96','0','480,4','16,9','288');
REM INSERTING into RM566269.MANUTENCAO
SET DEFINE OFF;
Insert into RM566269.MANUTENCAO (ID_MANUTENCAO,DATA_MANUTENCAO,ID_MAQUINA,ID_FUNCIONARIO) values ('39',to_date('20/07/25','DD/MM/RR'),'11','11');
Insert into RM566269.MANUTENCAO (ID_MANUTENCAO,DATA_MANUTENCAO,ID_MAQUINA,ID_FUNCIONARIO) values ('40',to_date('01/08/25','DD/MM/RR'),'12','11');
Insert into RM566269.MANUTENCAO (ID_MANUTENCAO,DATA_MANUTENCAO,ID_MAQUINA,ID_FUNCIONARIO) values ('41',to_date('15/08/25','DD/MM/RR'),'14','15');
Insert into RM566269.MANUTENCAO (ID_MANUTENCAO,DATA_MANUTENCAO,ID_MAQUINA,ID_FUNCIONARIO) values ('42',to_date('25/08/25','DD/MM/RR'),'16','15');
Insert into RM566269.MANUTENCAO (ID_MANUTENCAO,DATA_MANUTENCAO,ID_MAQUINA,ID_FUNCIONARIO) values ('43',to_date('28/08/25','DD/MM/RR'),'18','11');
Insert into RM566269.MANUTENCAO (ID_MANUTENCAO,DATA_MANUTENCAO,ID_MAQUINA,ID_FUNCIONARIO) values ('44',to_date('10/08/25','DD/MM/RR'),'13','11');
Insert into RM566269.MANUTENCAO (ID_MANUTENCAO,DATA_MANUTENCAO,ID_MAQUINA,ID_FUNCIONARIO) values ('45',to_date('15/08/25','DD/MM/RR'),'12','15');
Insert into RM566269.MANUTENCAO (ID_MANUTENCAO,DATA_MANUTENCAO,ID_MAQUINA,ID_FUNCIONARIO) values ('46',to_date('20/08/25','DD/MM/RR'),'17','15');
Insert into RM566269.MANUTENCAO (ID_MANUTENCAO,DATA_MANUTENCAO,ID_MAQUINA,ID_FUNCIONARIO) values ('47',to_date('25/08/25','DD/MM/RR'),'15','11');
Insert into RM566269.MANUTENCAO (ID_MANUTENCAO,DATA_MANUTENCAO,ID_MAQUINA,ID_FUNCIONARIO) values ('48',to_date('28/08/25','DD/MM/RR'),'11','11');
Insert into RM566269.MANUTENCAO (ID_MANUTENCAO,DATA_MANUTENCAO,ID_MAQUINA,ID_FUNCIONARIO) values ('49',to_date('29/08/25','DD/MM/RR'),'18','15');
Insert into RM566269.MANUTENCAO (ID_MANUTENCAO,DATA_MANUTENCAO,ID_MAQUINA,ID_FUNCIONARIO) values ('50',to_date('30/08/25','DD/MM/RR'),'19','11');
REM INSERTING into RM566269.MAQUINA_AUTONOMA
SET DEFINE OFF;
Insert into RM566269.MAQUINA_AUTONOMA (ID_MAQUINA,MODELO,TIPO,DATA_INSTALACAO,ULTIMA_MANUTENCAO) values ('11','WeldMaster','Solda',to_date('10/06/22','DD/MM/RR'),to_date('01/08/25','DD/MM/RR'));
Insert into RM566269.MAQUINA_AUTONOMA (ID_MAQUINA,MODELO,TIPO,DATA_INSTALACAO,ULTIMA_MANUTENCAO) values ('12','WeldPro','Solda',to_date('22/03/20','DD/MM/RR'),null);
Insert into RM566269.MAQUINA_AUTONOMA (ID_MAQUINA,MODELO,TIPO,DATA_INSTALACAO,ULTIMA_MANUTENCAO) values ('13','CutTech','Corte',to_date('05/09/23','DD/MM/RR'),to_date('15/08/25','DD/MM/RR'));
Insert into RM566269.MAQUINA_AUTONOMA (ID_MAQUINA,MODELO,TIPO,DATA_INSTALACAO,ULTIMA_MANUTENCAO) values ('14','CutTech','Corte',to_date('12/04/22','DD/MM/RR'),null);
Insert into RM566269.MAQUINA_AUTONOMA (ID_MAQUINA,MODELO,TIPO,DATA_INSTALACAO,ULTIMA_MANUTENCAO) values ('15','AssemBot','Montagem',to_date('18/07/23','DD/MM/RR'),to_date('25/08/25','DD/MM/RR'));
Insert into RM566269.MAQUINA_AUTONOMA (ID_MAQUINA,MODELO,TIPO,DATA_INSTALACAO,ULTIMA_MANUTENCAO) values ('16','AssemPro','Montagem',to_date('30/10/24','DD/MM/RR'),null);
Insert into RM566269.MAQUINA_AUTONOMA (ID_MAQUINA,MODELO,TIPO,DATA_INSTALACAO,ULTIMA_MANUTENCAO) values ('17','PaintBot','Pintura',to_date('01/02/23','DD/MM/RR'),to_date('10/08/25','DD/MM/RR'));
Insert into RM566269.MAQUINA_AUTONOMA (ID_MAQUINA,MODELO,TIPO,DATA_INSTALACAO,ULTIMA_MANUTENCAO) values ('18','PaintBot','Pintura',to_date('14/05/24','DD/MM/RR'),null);
Insert into RM566269.MAQUINA_AUTONOMA (ID_MAQUINA,MODELO,TIPO,DATA_INSTALACAO,ULTIMA_MANUTENCAO) values ('19','PaintTech','Pintura',to_date('20/11/23','DD/MM/RR'),to_date('28/08/25','DD/MM/RR'));
--------------------------------------------------------
--  DDL for Index SYS_C005436577
--------------------------------------------------------

  CREATE UNIQUE INDEX "RM566269"."SYS_C005436577" ON "RM566269"."FUNCIONARIO" ("ID_FUNCIONARIO") 
  PCTFREE 10 INITRANS 2 MAXTRANS 255 COMPUTE STATISTICS 
  STORAGE(INITIAL 65536 NEXT 1048576 MINEXTENTS 1 MAXEXTENTS 2147483645
  PCTINCREASE 0 FREELISTS 1 FREELIST GROUPS 1
  BUFFER_POOL DEFAULT FLASH_CACHE DEFAULT CELL_FLASH_CACHE DEFAULT)
  TABLESPACE "TBSPC_ALUNOS" ;
--------------------------------------------------------
--  DDL for Index SYS_C005435507
--------------------------------------------------------

  CREATE UNIQUE INDEX "RM566269"."SYS_C005435507" ON "RM566269"."LEITURA_SENSORES" ("ID_LEITURA_SENSORES") 
  PCTFREE 10 INITRANS 2 MAXTRANS 255 COMPUTE STATISTICS 
  STORAGE(INITIAL 65536 NEXT 1048576 MINEXTENTS 1 MAXEXTENTS 2147483645
  PCTINCREASE 0 FREELISTS 1 FREELIST GROUPS 1
  BUFFER_POOL DEFAULT FLASH_CACHE DEFAULT CELL_FLASH_CACHE DEFAULT)
  TABLESPACE "TBSPC_ALUNOS" ;
--------------------------------------------------------
--  DDL for Index SYS_C005435967
--------------------------------------------------------

  CREATE UNIQUE INDEX "RM566269"."SYS_C005435967" ON "RM566269"."MANUTENCAO" ("ID_MANUTENCAO") 
  PCTFREE 10 INITRANS 2 MAXTRANS 255 COMPUTE STATISTICS 
  STORAGE(INITIAL 65536 NEXT 1048576 MINEXTENTS 1 MAXEXTENTS 2147483645
  PCTINCREASE 0 FREELISTS 1 FREELIST GROUPS 1
  BUFFER_POOL DEFAULT FLASH_CACHE DEFAULT CELL_FLASH_CACHE DEFAULT)
  TABLESPACE "TBSPC_ALUNOS" ;
--------------------------------------------------------
--  DDL for Index SYS_C005435685
--------------------------------------------------------

  CREATE UNIQUE INDEX "RM566269"."SYS_C005435685" ON "RM566269"."MAQUINA_AUTONOMA" ("ID_MAQUINA") 
  PCTFREE 10 INITRANS 2 MAXTRANS 255 COMPUTE STATISTICS 
  STORAGE(INITIAL 65536 NEXT 1048576 MINEXTENTS 1 MAXEXTENTS 2147483645
  PCTINCREASE 0 FREELISTS 1 FREELIST GROUPS 1
  BUFFER_POOL DEFAULT FLASH_CACHE DEFAULT CELL_FLASH_CACHE DEFAULT)
  TABLESPACE "TBSPC_ALUNOS" ;
--------------------------------------------------------
--  Constraints for Table FUNCIONARIO
--------------------------------------------------------

  ALTER TABLE "RM566269"."FUNCIONARIO" MODIFY ("ID_FUNCIONARIO" NOT NULL ENABLE);
  ALTER TABLE "RM566269"."FUNCIONARIO" MODIFY ("NOME" NOT NULL ENABLE);
  ALTER TABLE "RM566269"."FUNCIONARIO" MODIFY ("DATA_NASCIMENTO" NOT NULL ENABLE);
  ALTER TABLE "RM566269"."FUNCIONARIO" MODIFY ("IDADE" NOT NULL ENABLE);
  ALTER TABLE "RM566269"."FUNCIONARIO" MODIFY ("SALARIO" NOT NULL ENABLE);
  ALTER TABLE "RM566269"."FUNCIONARIO" MODIFY ("CARGO" NOT NULL ENABLE);
  ALTER TABLE "RM566269"."FUNCIONARIO" ADD CHECK (Salario >= 1518) ENABLE;
  ALTER TABLE "RM566269"."FUNCIONARIO" ADD PRIMARY KEY ("ID_FUNCIONARIO")
  USING INDEX PCTFREE 10 INITRANS 2 MAXTRANS 255 COMPUTE STATISTICS 
  STORAGE(INITIAL 65536 NEXT 1048576 MINEXTENTS 1 MAXEXTENTS 2147483645
  PCTINCREASE 0 FREELISTS 1 FREELIST GROUPS 1
  BUFFER_POOL DEFAULT FLASH_CACHE DEFAULT CELL_FLASH_CACHE DEFAULT)
  TABLESPACE "TBSPC_ALUNOS"  ENABLE;
--------------------------------------------------------
--  Constraints for Table LEITURA_SENSORES
--------------------------------------------------------

  ALTER TABLE "RM566269"."LEITURA_SENSORES" MODIFY ("ID_LEITURA_SENSORES" NOT NULL ENABLE);
  ALTER TABLE "RM566269"."LEITURA_SENSORES" MODIFY ("TEMPERATURA" NOT NULL ENABLE);
  ALTER TABLE "RM566269"."LEITURA_SENSORES" ADD CHECK (Temperatura BETWEEN -50 AND 150) ENABLE;
  ALTER TABLE "RM566269"."LEITURA_SENSORES" ADD PRIMARY KEY ("ID_LEITURA_SENSORES")
  USING INDEX PCTFREE 10 INITRANS 2 MAXTRANS 255 COMPUTE STATISTICS 
  STORAGE(INITIAL 65536 NEXT 1048576 MINEXTENTS 1 MAXEXTENTS 2147483645
  PCTINCREASE 0 FREELISTS 1 FREELIST GROUPS 1
  BUFFER_POOL DEFAULT FLASH_CACHE DEFAULT CELL_FLASH_CACHE DEFAULT)
  TABLESPACE "TBSPC_ALUNOS"  ENABLE;
  ALTER TABLE "RM566269"."LEITURA_SENSORES" MODIFY ("UMIDADE" NOT NULL ENABLE);
  ALTER TABLE "RM566269"."LEITURA_SENSORES" ADD CHECK (UMIDADE BETWEEN 0 AND 100) ENABLE;
  ALTER TABLE "RM566269"."LEITURA_SENSORES" ADD CHECK (FALHA IN (0, 1)) ENABLE;
  ALTER TABLE "RM566269"."LEITURA_SENSORES" MODIFY ("FALHA" NOT NULL ENABLE);
  ALTER TABLE "RM566269"."LEITURA_SENSORES" ADD CHECK (LUMINOSIDADE BETWEEN 0 AND 1000) ENABLE;
  ALTER TABLE "RM566269"."LEITURA_SENSORES" ADD CHECK (VIBRACAO BETWEEN 0 AND 100) ENABLE;
  ALTER TABLE "RM566269"."LEITURA_SENSORES" MODIFY ("LUMINOSIDADE" NOT NULL ENABLE);
  ALTER TABLE "RM566269"."LEITURA_SENSORES" MODIFY ("VIBRACAO" NOT NULL ENABLE);
  ALTER TABLE "RM566269"."LEITURA_SENSORES" MODIFY ("QUALIDADE_AR" NOT NULL ENABLE);
  ALTER TABLE "RM566269"."LEITURA_SENSORES" ADD CHECK (DIAS_ULTIMA_MANUTENCAO BETWEEN 0 AND 37000) ENABLE;
  ALTER TABLE "RM566269"."LEITURA_SENSORES" MODIFY ("DIAS_ULTIMA_MANUTENCAO" NOT NULL ENABLE);
  ALTER TABLE "RM566269"."LEITURA_SENSORES" ADD CHECK (QUALIDADE_AR BETWEEN 0 AND 500) ENABLE;
  ALTER TABLE "RM566269"."LEITURA_SENSORES" MODIFY ("ID_MAQUINA" NOT NULL ENABLE);
--------------------------------------------------------
--  Constraints for Table MANUTENCAO
--------------------------------------------------------

  ALTER TABLE "RM566269"."MANUTENCAO" MODIFY ("ID_MANUTENCAO" NOT NULL ENABLE);
  ALTER TABLE "RM566269"."MANUTENCAO" MODIFY ("DATA_MANUTENCAO" NOT NULL ENABLE);
  ALTER TABLE "RM566269"."MANUTENCAO" ADD PRIMARY KEY ("ID_MANUTENCAO")
  USING INDEX PCTFREE 10 INITRANS 2 MAXTRANS 255 COMPUTE STATISTICS 
  STORAGE(INITIAL 65536 NEXT 1048576 MINEXTENTS 1 MAXEXTENTS 2147483645
  PCTINCREASE 0 FREELISTS 1 FREELIST GROUPS 1
  BUFFER_POOL DEFAULT FLASH_CACHE DEFAULT CELL_FLASH_CACHE DEFAULT)
  TABLESPACE "TBSPC_ALUNOS"  ENABLE;
  ALTER TABLE "RM566269"."MANUTENCAO" MODIFY ("ID_MAQUINA" NOT NULL ENABLE);
  ALTER TABLE "RM566269"."MANUTENCAO" MODIFY ("ID_FUNCIONARIO" NOT NULL ENABLE);
--------------------------------------------------------
--  Constraints for Table MAQUINA_AUTONOMA
--------------------------------------------------------

  ALTER TABLE "RM566269"."MAQUINA_AUTONOMA" MODIFY ("ID_MAQUINA" NOT NULL ENABLE);
  ALTER TABLE "RM566269"."MAQUINA_AUTONOMA" MODIFY ("MODELO" NOT NULL ENABLE);
  ALTER TABLE "RM566269"."MAQUINA_AUTONOMA" MODIFY ("TIPO" NOT NULL ENABLE);
  ALTER TABLE "RM566269"."MAQUINA_AUTONOMA" MODIFY ("DATA_INSTALACAO" NOT NULL ENABLE);
  ALTER TABLE "RM566269"."MAQUINA_AUTONOMA" ADD CHECK (Tipo IN ('Solda', 'Corte', 'Montagem', 'Pintura')) ENABLE;
  ALTER TABLE "RM566269"."MAQUINA_AUTONOMA" ADD PRIMARY KEY ("ID_MAQUINA")
  USING INDEX PCTFREE 10 INITRANS 2 MAXTRANS 255 COMPUTE STATISTICS 
  STORAGE(INITIAL 65536 NEXT 1048576 MINEXTENTS 1 MAXEXTENTS 2147483645
  PCTINCREASE 0 FREELISTS 1 FREELIST GROUPS 1
  BUFFER_POOL DEFAULT FLASH_CACHE DEFAULT CELL_FLASH_CACHE DEFAULT)
  TABLESPACE "TBSPC_ALUNOS"  ENABLE;
--------------------------------------------------------
--  Ref Constraints for Table LEITURA_SENSORES
--------------------------------------------------------

  ALTER TABLE "RM566269"."LEITURA_SENSORES" ADD CONSTRAINT "FK_LEITURA_MAQUINA" FOREIGN KEY ("ID_MAQUINA")
	  REFERENCES "RM566269"."MAQUINA_AUTONOMA" ("ID_MAQUINA") ENABLE;
--------------------------------------------------------
--  Ref Constraints for Table MANUTENCAO
--------------------------------------------------------

  ALTER TABLE "RM566269"."MANUTENCAO" ADD CONSTRAINT "FK_MANUTENCAO_FUNCIONARIO" FOREIGN KEY ("ID_FUNCIONARIO")
	  REFERENCES "RM566269"."FUNCIONARIO" ("ID_FUNCIONARIO") ENABLE;
  ALTER TABLE "RM566269"."MANUTENCAO" ADD CONSTRAINT "FK_MANUTENCAO_MAQUINA" FOREIGN KEY ("ID_MAQUINA")
	  REFERENCES "RM566269"."MAQUINA_AUTONOMA" ("ID_MAQUINA") ENABLE;
